DIGARVID,Slope,Aspect,VRM,TWI
abddbe542b,9.74541,159.0647,0.000524,2.320675
8b97f2dd41,9.74541,159.0647,0.000524,2.320675
139149f09e,8.306155,159.1022,0.000848,3.12808
c5c1884f89,7.768297,175.3073,0.000684,5.439706
31a2e8a185,8.371107,154.0899,0.000679,7.236039
c59dfad068,8.371107,154.0899,0.000679,7.236039
0c77037a06,7.768297,175.3073,0.000684,5.439706
0521be22a8,12.1119,159.5201,0.001124,7.084261
948914ee40,5.500731,142.1378,0.001311,7.763404
845af54c75,6.246288,151.6838,0.000699,7.605459
66d175eafe,10.77583,152.7957,0.002831,8.831991
dd52c2010a,11.88813,156.9672,0.001068,6.044572
950a5c3b02,9.469153,158.351,0.000842,7.280316
9479efb95f,8.900152,162.9777,0.002672,9.23347
1233e439ee,4.555746,154.5898,0.000575,6.610525
b466731fe7,2.804766,171.7379,0.000701,4.012673
d936504f9b,11.88813,156.9672,0.001068,6.044572
cfa7c1194d,9.74541,159.0647,0.000524,2.320675
cc8aefc090,7.939115,155.6704,0.000451,5.02606
1ccdbacfd4,8.992587,155.8306,0.000288,5.933809
45ab5252ca,13.67395,7.22346,0.00328,7.778593
e8ba59ad29,19.01147,19.00886,0.002455,4.805236
2ba55140a1,13.67395,7.22346,0.00328,7.778593
9894c9380d,13.67395,7.22346,0.00328,7.778593
ef170b9acd,14.35669,7.607439,0.001081,4.041062
f6cc909de4,13.13801,15.00497,0.001168,1.499845
c5edc5f476,14.86067,14.83067,0.00299,4.986832
5774796a8e,13.69233,14.24426,0.002409,1.178173
ad7267e57b,11.86896,28.06329,0.002469,7.054296
38ddb891e0,18.0133,5.00326,0.001619,4.690399
28fe7153a1,16.15698,355.261,0.010066,7.113549
e824053b54,14.72892,43.01364,0.002739,7.701079
3e1a4b2ee6,14.46923,38.75739,0.001825,5.912176
38bd8170e8,22.67783,5.677716,0.001016,3.086114
6c79d0a437,18.12864,357.0627,0.001461,6.251935
c4132dcd22,15.11902,29.96704,0.004899,6.645868
9905675134,17.88343,6.170263,0.00138,5.825885
9d8561bf62,19.1159,13.58899,0.000766,6.531781
964c1bcf87,19.1159,13.58899,0.000766,6.531781
bcee57f7cf,19.1159,13.58899,0.000766,6.531781
9a2772d950,19.1159,13.58899,0.000766,6.531781
de9245accc,17.78047,11.17681,0.001247,5.312683
58d14b3284,19.26091,5.456254,0.001381,5.017883
1af6e062af,19.26091,5.456254,0.001381,5.017883
61e8866c91,15.22432,356.8652,0.001295,5.410224
897c4d35e7,13.86086,7.429096,0.000974,6.486972
5c91457751,20.53709,22.71561,0.002478,5.62731
e7c8fbe0cf,20.53709,22.71561,0.002478,5.62731
87af117ab9,16.07592,36.16048,0.003645,4.312334
086aeb24e3,20.9632,10.73589,0.001081,4.471274
a9156b0ed9,16.39885,347.6711,0.001473,3.40955
e7ae01742a,11.01168,1.897587,0.001318,8.086106
fa289fa5f4,10.09992,357.1109,0.002339,6.914141
86c681d0d2,11.01168,1.897587,0.001318,8.086106
3f4dccd811,11.01168,1.897587,0.001318,8.086106
82558a87fc,11.01168,1.897587,0.001318,8.086106
2ee1b62471,11.01168,1.897587,0.001318,8.086106
bcefce3c67,21.77394,1.953604,0.002664,5.489553
99186c59c9,18.34678,19.62945,0.005761,2.468512
0a9aca3bbf,21.77394,1.953604,0.002664,5.489553
49b19e8618,13.13801,15.00497,0.001168,1.499845
3dc8daec46,13.92636,31.4887,0.005831,4.592648
d780315aa3,16.5171,350.0358,0.003469,5.21019
267fd42681,15.86399,334.7824,0.003159,2.486779
50b739ffcf,17.24707,5.278873,0.000432,3.191721
1581e6c82b,24.03613,338.4452,0.004547,4.062466
6f39854961,16.21633,4.386605,0.00339,6.050295
368879d9c4,19.6196,0.483425,0.002864,7.06672
42920ee0e0,19.6196,0.483425,0.002864,7.06672
5314ef8da9,21.80769,6.802747,0.002513,5.199483
95e01feaff,23.53534,11.57918,0.0037,5.337591
47b092616d,13.88435,15.25757,0.001297,6.695897
eba87f721b,16.31682,8.171617,0.001175,3.933243
04155aeb44,13.88435,15.25757,0.001297,6.695897
3b7d9a4667,17.56862,357.8356,0.002347,7.341405
f39da43045,20.57667,8.524006,0.001121,3.433268
6c8d9f23ef,20.31384,13.56372,0.000817,4.928587
f88479c46c,20.31384,13.56372,0.000817,4.928587
d2e2ccebf5,16.76527,14.1412,0.001218,2.731455
d177b1d073,17.56862,357.8356,0.002347,7.341405
6e2e295268,16.08323,19.71238,0.001615,3.885822
ef764326b9,21.52063,25.37322,0.002746,2.404065
3b357ec3d0,17.05578,18.8995,0.004849,7.522892
3da8b65a99,14.85849,347.7065,0.00501,2.624737
e4f85974e5,20.81325,359.7427,0.00844,6.823157
bdc8ed7b32,26.62901,15.40597,0.003253,4.289802
8aecd0077c,26.62901,15.40597,0.003253,4.289802
0af1371fa8,24.03613,338.4452,0.004547,4.062466
ff43a44293,20.81325,359.7427,0.00844,6.823157
f06e4fe8b8,20.81325,359.7427,0.00844,6.823157
e6f2bf99a7,23.78988,4.101842,0.00825,6.609293
9311ee4c6d,23.78988,4.101842,0.00825,6.609293
af04af6c62,16.15698,355.261,0.010066,7.113549
d087a3db76,16.15698,355.261,0.010066,7.113549
f8b532c3a7,17.74814,326.4839,0.005257,4.118935
ba6ef596eb,10.89829,345.1583,0.005052,7.178119
cbac21279a,13.99595,330.9694,0.002579,4.019802
0dae53cdff,10.89829,345.1583,0.005052,7.178119
7a0bb68316,10.42548,23.44724,0.003026,8.101801
81bf3fa359,18.94906,346.9378,0.002136,2.519618
d633881ad5,18.94906,346.9378,0.002136,2.519618
09d059c107,15.56665,349.3437,0.003023,4.951775
863439b818,15.79745,8.227135,0.002006,7.210893
590e0faf12,21.28969,352.8438,0.002198,3.364517
4c2b0526af,21.28969,352.8438,0.002198,3.364517
be5603b087,18.67697,3.835118,0.002456,6.293508
9fd2a4bf1c,15.00444,7.719701,0.002062,6.311226
1ced4e3c3c,17.57557,7.058064,0.001676,7.346487
b297dbdc33,17.57557,7.058064,0.001676,7.346487
4439cecc86,16.07592,36.16048,0.003645,4.312334
c39dc15ee9,21.42818,349.8372,0.001762,2.963283
d0e6d1e77c,17.80273,6.229425,0.008949,6.879192
f7e52087b3,20.35953,1.025575,0.002039,1.917386
14f373032b,17.75042,13.67657,0.005179,2.797731
779f7a06f3,18.29957,2.559024,0.002896,2.547379
edd62c8405,15.03988,349.4384,0.002312,7.087794
4a4070b024,15.03988,349.4384,0.002312,7.087794
ca11d503b3,21.78552,15.55949,0.003755,2.721207
ec7b5a37a5,18.06711,27.95009,0.004524,2.978787
4e694aff0f,15.98882,9.371926,0.00094,6.67052
5e5574bc8d,10.11436,349.3601,0.0063,7.050206
31f94e190d,14.14133,350.9215,0.002133,6.429369
d81dbb6194,20.49872,19.96302,0.006963,6.444716
086bd349dc,23.29036,17.68712,0.002684,5.605323
aa8a35c6b3,23.29036,17.68712,0.002684,5.605323
a37998d87d,23.29036,17.68712,0.002684,5.605323
2c174a3895,21.79793,27.95519,0.005377,6.342714
6518334481,15.86832,352.3499,0.005201,6.509378
97eba3a969,21.18142,357.8275,0.003439,6.418635
341ec56eac,20.93185,35.37091,0.005075,4.787883
37ac5d7f5c,10.11683,26.72938,0.003529,6.834596
9b55f589ae,14.86767,31.99785,0.008714,6.329759
7a3ee3ccb3,19.20016,22.67953,0.0055,1.155286
e69248c57b,28.21709,327.5784,0.009338,0.859114
4f77989d50,21.29618,3.912811,0.008283,2.350663
19726c2b01,19.20016,22.67953,0.0055,1.155286
666f716f5d,18.06731,36.78036,0.002022,3.683563
de1680a090,18.06731,36.78036,0.002022,3.683563
920e2de250,14.09219,16.30935,0.004971,2.751161
f32d08b74a,14.09219,16.30935,0.004971,2.751161
34805e36ae,14.09219,16.30935,0.004971,2.751161
f38e4ab937,12.0268,0.263425,0.002552,3.528441
935bab16a7,10.42548,23.44724,0.003026,8.101801
7ad3f13ee4,14.70602,16.32073,0.002312,7.517556
9807b3df89,14.70602,16.32073,0.002312,7.517556
f451a92f84,14.70602,16.32073,0.002312,7.517556
d75e57ee63,17.57557,7.058064,0.001676,7.346487
c2f639d827,17.57557,7.058064,0.001676,7.346487
a79e4dfffd,17.57557,7.058064,0.001676,7.346487
16c13ceea3,17.57557,7.058064,0.001676,7.346487
8e01c23990,17.51187,356.2286,0.001787,7.38074
38aa0edbb5,17.51187,356.2286,0.001787,7.38074
03a2960af4,17.51187,356.2286,0.001787,7.38074
a3aabc1e0f,17.51187,356.2286,0.001787,7.38074
73e7074596,17.88343,6.170263,0.00138,5.825885
f6e252f613,17.88343,6.170263,0.00138,5.825885
0e52531dab,19.07109,14.3039,0.003459,6.186884
2e3b163edc,19.15431,359.2973,0.002384,5.724343
042ff33b61,19.15431,359.2973,0.002384,5.724343
26095d38ad,19.15431,359.2973,0.002384,5.724343
991bd179c0,19.15431,359.2973,0.002384,5.724343
509f0e90f5,14.54456,9.941059,0.001301,6.398674
84f18dbe5a,14.54456,9.941059,0.001301,6.398674
4e4cf0d416,15.22432,356.8652,0.001295,5.410224
04b154e2e7,15.48683,357.5122,0.003143,6.146695
df791de594,15.48683,357.5122,0.003143,6.146695
a97848b00f,15.22432,356.8652,0.001295,5.410224
f132a10dda,10.11683,26.72938,0.003529,6.834596
d3d7f1db8f,12.18629,23.61808,0.009556,7.792744
e8a41194ba,20.49872,19.96302,0.006963,6.444716
d82e4f4020,23.29036,17.68712,0.002684,5.605323
6c82d5fca4,19.86334,356.6197,0.003217,5.224828
bfdf9fe4cd,21.78552,15.55949,0.003755,2.721207
797b2e9592,21.78552,15.55949,0.003755,2.721207
e97457fac8,17.20078,348.3298,0.00421,4.491242
3c353fb214,18.04741,3.391575,0.001447,6.616234
255d97a284,19.3678,358.1763,0.003119,4.939871
be7974043e,24.54252,356.2511,0.003643,1.334167
afbd0bb7c6,24.54252,356.2511,0.003643,1.334167
944215308d,24.54252,356.2511,0.003643,1.334167
cf3b2aa62c,17.00444,351.2591,0.001533,7.319994
c8d03cb5f3,18.29957,2.559024,0.002896,2.547379
04956537de,20.9632,10.73589,0.001081,4.471274
2c8735c0fb,17.88343,6.170263,0.00138,5.825885
20b5d837da,17.88343,6.170263,0.00138,5.825885
0a1b06ba5e,19.61545,15.56109,0.001353,4.155107
7164ff77f6,14.09219,16.30935,0.004971,2.751161
62c6229084,15.04926,357.2757,0.005953,2.899742
f65a442d9f,12.0268,0.263425,0.002552,3.528441
51572f82df,19.64176,339.6892,0.001717,3.565337
2a593649fa,21.05019,329.466,0.002111,2.762933
578c0006d9,15.266,345.1185,0.001882,3.415241
c0f74ad8cf,15.266,345.1185,0.001882,3.415241
53b281b7f3,24.97608,339.8805,0.005705,2.090684
a6b37cafd8,23.45344,2.071769,0.002662,3.224521
6e56a88241,31.21925,347.2511,0.003405,2.352223
05d3369b30,31.21925,347.2511,0.003405,2.352223
7f4fd6966d,16.15961,351.4033,0.001734,2.756943
0faa1ca3ba,10.11683,26.72938,0.003529,6.834596
4159cb0f18,17.70739,355.5213,0.004319,6.523844
902d7db427,21.79793,27.95519,0.005377,6.342714
c2a59cec02,24.79666,30.0987,0.005582,3.301725
b5fc9de723,21.06035,21.60789,0.00331,4.884284
6ad3c78cee,21.06035,21.60789,0.00331,4.884284
a5af2294a8,20.44593,350.9937,0.003949,3.324546
018bfbe27d,16.07592,36.16048,0.003645,4.312334
47008dbb3f,18.06711,27.95009,0.004524,2.978787
58fca76fad,19.86334,356.6197,0.003217,5.224828
2e310183a3,19.86334,356.6197,0.003217,5.224828
be7cf86fbc,16.27789,356.9681,0.001093,7.226972
5d4e994a1d,15.11902,29.96704,0.004899,6.645868
51b14ee67e,17.78047,11.17681,0.001247,5.312683
bdd36bc792,20.57667,8.524006,0.001121,3.433268
64942047bd,20.31384,13.56372,0.000817,4.928587
61a5d29609,16.76527,14.1412,0.001218,2.731455
d404781b68,21.38729,38.44973,0.004153,4.522666
04ccca2e93,17.05578,18.8995,0.004849,7.522892
a53ff328f4,13.92636,31.4887,0.005831,4.592648
4d419d1210,21.1502,20.6633,0.0056,5.65162
fa8a420627,11.3786,21.46247,0.005146,7.629522
e4f9235561,15.56665,349.3437,0.003023,4.951775
51b2778652,17.74814,326.4839,0.005257,4.118935
bd626ce01e,16.4252,349.4127,0.002243,4.901266
ca3265bf0d,18.17561,340.4834,0.001196,3.952957
56c8672e2f,16.00846,350.4377,0.002128,4.534214
a085c26191,20.12371,7.963178,0.001142,5.702586
1866979162,16.4252,349.4127,0.002243,4.901266
254ee62ebb,16.4252,349.4127,0.002243,4.901266
0bd211fdf2,17.78047,11.17681,0.001247,5.312683
92c739cbff,17.78047,11.17681,0.001247,5.312683
fbd471c52f,17.51187,356.2286,0.001787,7.38074
7f13b39ec3,21.42818,349.8372,0.001762,2.963283
5055b35095,19.86334,356.6197,0.003217,5.224828
cf79b6a132,18.48928,42.91917,0.005045,1.647894
d62eae9b47,21.38729,38.44973,0.004153,4.522666
ce4ea11a27,24.97608,339.8805,0.005705,2.090684
175711b7d9,14.04446,17.52191,0.002279,3.43673
1ecec9d865,14.04446,17.52191,0.002279,3.43673
c202fcc5d7,24.37454,354.6427,0.00772,1.799526
ac68d2001b,17.74814,326.4839,0.005257,4.118935
de6a3d8392,19.61545,15.56109,0.001353,4.155107
0cb0d6cf8b,16.31845,3.637085,0.005313,3.237808
e901793b32,18.29957,2.559024,0.002896,2.547379
c38b6d6960,15.03988,349.4384,0.002312,7.087794
a1237d42cf,18.29957,2.559024,0.002896,2.547379
465bc111e3,15.27964,12.81417,0.00608,0.762227
3368bfafc7,13.02834,15.89518,0.008117,7.36768
53c0405915,15.86399,334.7824,0.003159,2.486779
9bacad1dbd,18.72696,334.7436,0.004384,4.411651
e7ec9070c2,14.70602,16.32073,0.002312,7.517556
8fd589a02e,20.9632,10.73589,0.001081,4.471274
c72c950d5a,20.9632,10.73589,0.001081,4.471274
0719a24b00,17.51187,356.2286,0.001787,7.38074
2c564c0a30,15.00444,7.719701,0.002062,6.311226
b6facb94b2,23.4717,354.1205,0.001448,1.491079
57f8a15f7e,17.58503,342.225,0.000858,3.540633
bcf9366c60,17.62213,31.52203,0.001212,4.113752
f7c03205ce,21.18142,357.8275,0.003439,6.418635
82fad4ffc8,17.70739,355.5213,0.004319,6.523844
a1161b76d8,17.70739,355.5213,0.004319,6.523844
057c46feb6,22.13967,3.593333,0.002632,6.610405
a6aec71ec7,23.29036,17.68712,0.002684,5.605323
1280c9b1c0,13.29328,355.0411,0.00345,5.478951
2044edc1bc,17.51187,356.2286,0.001787,7.38074
60f210a4fe,16.27789,356.9681,0.001093,7.226972
0763cf4399,18.00318,8.805182,0.001521,4.381526
d0d8e0e7f4,23.73468,333.1706,0.004821,4.62563
d66bbcada9,23.78988,4.101842,0.00825,6.609293
3b6d7eb49e,20.81325,359.7427,0.00844,6.823157
ff9919364e,17.74814,326.4839,0.005257,4.118935
bc92277c11,16.15698,355.261,0.010066,7.113549
9d049694e5,11.90219,356.1718,0.003192,7.207085
f34356f1e7,13.99595,330.9694,0.002579,4.019802
ad6a0662a4,15.79745,8.227135,0.002006,7.210893
bcd0722e70,16.64868,22.98598,0.002237,4.58424
a30a84dda3,10.42548,23.44724,0.003026,8.101801
9d7ea54c0b,15.79745,8.227135,0.002006,7.210893
d55f495f9b,14.70602,16.32073,0.002312,7.517556
9affc393dc,15.00444,7.719701,0.002062,6.311226
5f14aeea29,21.28969,352.8438,0.002198,3.364517
64389034ef,21.28969,352.8438,0.002198,3.364517
5aaa9d84e0,21.77716,348.5438,0.000864,3.803641
a5754775c8,17.20078,348.3298,0.00421,4.491242
bcfb924f2a,19.86334,356.6197,0.003217,5.224828
552ff33ca4,23.53534,11.57918,0.0037,5.337591
20d2c8bef8,20.93185,35.37091,0.005075,4.787883
8d12f118cc,21.06035,21.60789,0.00331,4.884284
59a8fafbbc,10.11683,26.72938,0.003529,6.834596
b94cb7fcfe,14.09219,16.30935,0.004971,2.751161
647414fb70,16.31682,8.171617,0.001175,3.933243
eb8aba0ebc,17.7263,354.5185,0.004274,5.869864
a1c7c09e0e,17.7263,354.5185,0.004274,5.869864
8de9dd1064,21.42818,349.8372,0.001762,2.963283
3dcdfaa82a,19.61092,2.019224,0.004243,4.502829
3452eb018c,13.29328,355.0411,0.00345,5.478951
1741af9831,17.40348,20.6086,0.004687,7.300653
42ff930110,17.20078,348.3298,0.00421,4.491242
a00e807021,24.79666,30.0987,0.005582,3.301725
13dcb4504e,11.78641,17.12141,0.006662,7.941399
987e381039,17.7263,354.5185,0.004274,5.869864
8b894fc07d,13.29328,355.0411,0.00345,5.478951
156eb0f906,17.40348,20.6086,0.004687,7.300653
52ac9080dd,17.20078,348.3298,0.00421,4.491242
d932549938,19.61092,2.019224,0.004243,4.502829
e371c28ae4,21.42818,349.8372,0.001762,2.963283
bbe01e1e39,24.79666,30.0987,0.005582,3.301725
e007f42ad1,11.78641,17.12141,0.006662,7.941399
c870187bf4,31.41354,29.17992,0.002462,1.873885
0249d696fa,27.2704,12.89562,0.00302,3.143207
6608b95336,28.25849,37.91352,0.006035,4.381826
f4edef1287,28.25849,37.91352,0.006035,4.381826
0199758253,28.25849,37.91352,0.006035,4.381826
3ab9808e15,27.52372,23.76349,0.00737,5.017924
e6469593a0,30.97093,46.91726,0.004954,4.363064
2f473a6ac8,29.27529,46.84949,0.002482,0.737461
f6816970b4,30.97093,46.91726,0.004954,4.363064
fb20773ddb,30.97093,46.91726,0.004954,4.363064
cd0b2fd249,26.58404,22.49271,0.008655,5.054673
9d28afdc48,27.52372,23.76349,0.00737,5.017924
479af8afc3,31.18726,44.32069,0.003305,4.254678
c8a3d855bf,26.58404,22.49271,0.008655,5.054673
e833e2be28,26.58404,22.49271,0.008655,5.054673
cd232028ea,26.58404,22.49271,0.008655,5.054673
e6ce087c77,26.58404,22.49271,0.008655,5.054673
c53d60956c,26.58404,22.49271,0.008655,5.054673
38edb5e7dc,27.52372,23.76349,0.00737,5.017924
3558953ed6,27.52372,23.76349,0.00737,5.017924
104ba91d81,26.58404,22.49271,0.008655,5.054673
6d840599a8,26.58404,22.49271,0.008655,5.054673
4a53bfd485,26.58404,22.49271,0.008655,5.054673
5dd7012f7c,27.52372,23.76349,0.00737,5.017924
e225ccd962,27.52372,23.76349,0.00737,5.017924
895565c43f,27.52372,23.76349,0.00737,5.017924
46cde0a404,26.58404,22.49271,0.008655,5.054673
69640cc175,26.58404,22.49271,0.008655,5.054673
d515f1c3d9,27.52372,23.76349,0.00737,5.017924
f6958ae296,27.52372,23.76349,0.00737,5.017924
43728d3e7e,27.52372,23.76349,0.00737,5.017924
167ecf921a,27.52372,23.76349,0.00737,5.017924
b4aedbd547,27.52372,23.76349,0.00737,5.017924
5691bbfad4,27.52372,23.76349,0.00737,5.017924
796393f105,27.52372,23.76349,0.00737,5.017924
ae585c2894,27.52372,23.76349,0.00737,5.017924
71de579400,27.52372,23.76349,0.00737,5.017924
fc2bbb7392,27.52372,23.76349,0.00737,5.017924
bcca1a687f,26.58404,22.49271,0.008655,5.054673
07ef52ff49,27.52372,23.76349,0.00737,5.017924
d798c5252c,27.52372,23.76349,0.00737,5.017924
9d6345bc2a,24.45331,29.97872,0.00382,1.009655
3b3462dd58,24.45331,29.97872,0.00382,1.009655
3e9c9f4df0,25.7058,38.57675,0.001851,3.600321
ef7af06eaf,27.94633,37.2041,0.000693,1.191722
9de46f1396,25.44448,51.47583,0.001567,8.252863
3f03494b86,24.20494,46.12347,0.00177,8.246709
3febcde4f7,25.44448,51.47583,0.001567,8.252863
33c69f21da,27.70826,50.94599,0.002275,8.484192
b021dc4b5a,27.70826,50.94599,0.002275,8.484192
dd4014c1ac,27.70826,50.94599,0.002275,8.484192
6052a7eaab,27.70826,50.94599,0.002275,8.484192
111c9a343f,27.70826,50.94599,0.002275,8.484192
a648b14397,27.70826,50.94599,0.002275,8.484192
79ffaaef53,27.70826,50.94599,0.002275,8.484192
456786efca,27.70826,50.94599,0.002275,8.484192
4d98dad193,27.70826,50.94599,0.002275,8.484192
aea44260c8,27.70826,50.94599,0.002275,8.484192
cc8c32bfcd,24.4869,31.98826,0.005653,4.388286
5aac6bfc2c,27.00714,34.43216,0.000896,1.127177
da59165543,27.82799,42.81537,0.002718,5.153769
c2f2d73867,25.7058,38.57675,0.001851,3.600321
7c5fde05f8,27.8512,30.54485,0.001957,2.501044
b6e18cf4ce,28.16527,42.04987,0.001017,1.647125
2b450e531b,27.94633,37.2041,0.000693,1.191722
4d41532d96,25.7058,38.57675,0.001851,3.600321
ff00a8f57b,25.7058,38.57675,0.001851,3.600321
b516a40a5e,24.45331,29.97872,0.00382,1.009655
c6791bfe05,29.27529,46.84949,0.002482,0.737461
462affed90,27.00714,34.43216,0.000896,1.127177
8efc995145,29.89902,51.47029,0.001672,5.823816
e8c2b9aaad,30.12756,44.29185,0.002409,2.446793
9063fba41b,17.59656,41.29424,0.002261,2.201127
f22530e715,19.06367,10.2483,0.004105,0.855312
1bee3b62d8,18.62985,50.88689,0.003313,3.16602
5f55544d06,20.25674,60.34164,0.001513,1.965483
1cb649ecf1,21.72141,20.18503,0.003162,7.57484
d37bee4151,22.70153,22.70619,0.001863,4.235563
c9168bef6b,21.72141,20.18503,0.003162,7.57484
4c5c7311c7,17.90056,24.55437,0.001918,7.696998
e5d1c88c38,21.72141,20.18503,0.003162,7.57484
43b2c6c691,10.86961,43.64988,0.007897,6.53113
dbc5b5bf63,10.86961,43.64988,0.007897,6.53113
619603a8d6,15.148,27.69734,0.000616,3.700454
dfe05a61cb,15.98956,33.75727,0.000819,3.397718
53de62b8eb,18.49527,7.370758,0.009281,1.624081
22f2004661,21.60026,342.6578,0.003923,4.275073
d401f0e14e,12.55916,30.02232,0.006692,2.939954
e59d1f9b9d,14.67116,353.7347,0.00495,1.964467
b118a89f7e,21.60026,342.6578,0.003923,4.275073
e0fbea92d8,14.67116,353.7347,0.00495,1.964467
fdf849c049,13.19014,36.80143,0.002214,4.389092
b1cf533230,18.49527,7.370758,0.009281,1.624081
e8b0a0afd5,18.71086,41.5277,0.004889,1.784682
2b74771eca,18.71086,41.5277,0.004889,1.784682
1ee59daf93,18.71086,41.5277,0.004889,1.784682
9e2510bb4f,17.20523,28.53847,0.000843,8.49648
4e9bf30f63,18.39071,30.17846,0.000791,7.230866
999e45af1f,23.39505,25.27343,0.004193,1.633764
5cb575024d,23.39505,25.27343,0.004193,1.633764
4d8d44abe2,17.73059,36.65429,0.000936,8.374082
ccb30b3d51,26.10624,42.91145,0.001477,3.467417
b183a5c268,20.25674,60.34164,0.001513,1.965483
714703cd3a,20.70183,28.81466,0.00883,4.239527
cf87b7a255,17.2521,53.01343,0.005959,4.240797
a3da669361,17.2521,53.01343,0.005959,4.240797
947ee4fe20,18.62985,50.88689,0.003313,3.16602
88208ac438,18.59599,51.22654,0.002011,2.245287
55b3f1c87b,18.59599,51.22654,0.002011,2.245287
458c320571,18.59599,51.22654,0.002011,2.245287
f3a5de7a4c,18.59599,51.22654,0.002011,2.245287
b7673331b9,18.23239,31.46848,0.006738,5.197602
c617e2d736,18.23239,31.46848,0.006738,5.197602
3ec4e64910,17.2521,53.01343,0.005959,4.240797
30a6447247,18.51127,31.37423,0.00106,2.572622
99d7f3589b,18.51127,31.37423,0.00106,2.572622
43e13ea012,18.51127,31.37423,0.00106,2.572622
70b3f47967,17.93342,27.39693,0.002429,2.929754
5b816088f3,17.93342,27.39693,0.002429,2.929754
292d245639,17.93342,27.39693,0.002429,2.929754
fd874ed6cf,17.44962,15.34726,0.001441,6.246669
12205ab250,21.20834,31.4468,0.003853,7.469245
648169e49a,13.30417,10.81571,0.005212,5.267094
b0a8cf1f3a,17.59656,41.29424,0.002261,2.201127
2fe9095f55,16.25476,29.81621,0.00372,4.683205
a519a2d1c9,20.70183,28.81466,0.00883,4.239527
953541f2a7,23.37959,11.32388,0.002879,3.001807
e2c960267a,34.67926,40.83484,0.004364,1.20038
423f52bc76,28.696,33.96922,0.000854,2.265084
28692e3888,27.52372,23.76349,0.00737,5.017924
bc2573261f,26.58404,22.49271,0.008655,5.054673
608952fa45,26.58404,22.49271,0.008655,5.054673
d652a56366,23.37959,11.32388,0.002879,3.001807
bf8cb0d484,27.87584,5.474564,0.003191,3.643802
6899fc9196,28.16527,42.04987,0.001017,1.647125
31fd02b9c5,27.94633,37.2041,0.000693,1.191722
678ae8a208,13.03033,122.3042,0.000018,4.763404
d34de314b1,12.9737,122.6323,0.000017,4.832318
400ebd0176,13.66737,22.24972,0.005689,7.42146
772510169d,24.24831,34.66567,0.007769,6.324363
dea4b276c1,22.83192,32.71434,0.000744,2.841052
50e4e704cd,13.66737,22.24972,0.005689,7.42146
63224029e6,20.55632,27.0993,0.001457,5.845056
5971153db3,22.83192,32.71434,0.000744,2.841052
80aa8de76e,13.66737,22.24972,0.005689,7.42146
82479c19df,6.034524,52.36921,0.002815,9.178986
2781a5b355,10.42491,46.18026,0.001651,8.198589
c877c74355,10.42491,46.18026,0.001651,8.198589
0411b147fe,11.38023,29.11919,0.001601,7.89319
d33d80a935,12.43492,36.68476,0.00125,8.371
c2ad625e1b,10.91805,29.18514,0.005716,8.528525
628785bd45,10.91805,29.18514,0.005716,8.528525
77d66b2325,10.91805,29.18514,0.005716,8.528525
49d5fa0f15,10.91805,29.18514,0.005716,8.528525
d5e40236ac,10.91805,29.18514,0.005716,8.528525
48991a91a9,10.91805,29.18514,0.005716,8.528525
dd2f2b87d6,10.91805,29.18514,0.005716,8.528525
c6aee93507,10.91805,29.18514,0.005716,8.528525
f7e361ae15,10.91805,29.18514,0.005716,8.528525
20c7560078,10.91805,29.18514,0.005716,8.528525
1d4e63cb49,10.91805,29.18514,0.005716,8.528525
e1ea24513e,10.91805,29.18514,0.005716,8.528525
4b8aeba068,10.91805,29.18514,0.005716,8.528525
fa8bbff9cd,20.59494,57.25638,0.0053,5.948453
2f9aa7b55e,20.59494,57.25638,0.0053,5.948453
1a06e7c27a,20.59494,57.25638,0.0053,5.948453
6b1808d2b6,10.91805,29.18514,0.005716,8.528525
efb40ae624,10.91805,29.18514,0.005716,8.528525
d97659cbc1,20.59494,57.25638,0.0053,5.948453
dbbcc5950b,20.59494,57.25638,0.0053,5.948453
9d38f8935a,20.59494,57.25638,0.0053,5.948453
ee9d88cd6e,20.59494,57.25638,0.0053,5.948453
563672a127,20.59494,57.25638,0.0053,5.948453
b340895c21,12.43492,36.68476,0.00125,8.371
e851a1f1dd,16.8152,10.76378,0.005768,7.85292
d314728c38,16.8152,10.76378,0.005768,7.85292
b730110df2,16.8152,10.76378,0.005768,7.85292
e92996865b,12.97782,60.27124,0.002547,4.389605
d06b913b99,12.97782,60.27124,0.002547,4.389605
fa365caf51,11.2872,36.74051,0.00173,4.369353
6bd4399e13,11.56965,359.67,0.000353,6.151375
6b155a26cf,11.90904,355.2164,0.000537,5.728573
80460eef69,11.90904,355.2164,0.000537,5.728573
372544b724,12.49604,348.6627,0.001107,4.409568
fce39a8288,11.05226,349.1325,0.00001,3.967583
0bbb3d8d52,10.73251,351.0515,0.000007,4.137215
85787d2671,11.91625,62.29197,0.005188,8.498213
130ee3a6f4,15.74673,64.06676,0.000724,8.095432
f3d085e7d1,14.83016,77.43845,0.000532,6.567391
33f667f464,15.06063,67.98143,0.001633,4.174903
73f1f1f281,15.06063,67.98143,0.001633,4.174903
3bbfaad3c3,15.06063,67.98143,0.001633,4.174903
c498d87fe5,41.15841,59.37544,0.000481,3.469915
57b54ce396,40.93751,57.89468,0.001475,3.779868
e146aacb69,38.80883,46.44284,0.001524,5.524896
f36923d7a8,38.80883,46.44284,0.001524,5.524896
739e24104c,8.490101,61.20985,0.01118,7.598146
b7b9da51ed,5.367118,38.63621,0.014701,10.41812
73ed055490,5.367118,38.63621,0.014701,10.41812
9f02e835a9,14.23551,59.58421,0.004829,6.950436
973095a49c,14.23551,59.58421,0.004829,6.950436
3dd1f074f3,14.23551,59.58421,0.004829,6.950436
750efe2799,14.66161,61.99702,0.001687,6.930439
5b069df350,14.23551,59.58421,0.004829,6.950436
a468f3f887,14.66161,61.99702,0.001687,6.930439
c46580df2f,9.468805,87.09444,0.013253,9.217199
43cbfc50e6,5.367118,38.63621,0.014701,10.41812
78af2f5bfa,5.367118,38.63621,0.014701,10.41812
5d365f32c5,9.468805,87.09444,0.013253,9.217199
364f3926d0,12.25329,159.7276,0.012171,8.347103
0fb77286f7,17.50044,181.2968,0.005179,1.985984
f137ac254a,13.5547,169.0795,0.006996,5.874764
4f04fd5fb7,9.025479,120.4511,0.010298,9.212002
eb13da554a,13.5547,169.0795,0.006996,5.874764
5a77390aab,2.619905,186.1339,0.008958,2.369931
364353463c,9.458168,79.78745,0.00954,9.012342
dc043345ba,2.619905,186.1339,0.008958,2.369931
bdaa861fa0,11.98584,94.65305,0.00523,5.30555
9b2188f85d,11.98584,94.65305,0.00523,5.30555
71937940a0,11.98584,94.65305,0.00523,5.30555
61183acd7a,11.98584,94.65305,0.00523,5.30555
4f34baaae2,11.98584,94.65305,0.00523,5.30555
7ac38c03ef,11.98584,94.65305,0.00523,5.30555
5556fdf2a1,11.98584,94.65305,0.00523,5.30555
3745b5acba,8.879251,136.5926,0.007343,9.115355
491671c2e2,10.74421,90.603,0.006161,6.55809
4c370596e2,10.74421,90.603,0.006161,6.55809
08289fb116,12.15885,86.1666,0.000585,6.98185
ca04378e6c,13.1221,75.83897,0.00076,7.480878
69ed62780f,12.15885,86.1666,0.000585,6.98185
452c2c3003,14.16074,66.62808,0.000944,7.027273
27ef7da71d,15.58731,58.56942,0.001002,6.220861
48e65df076,14.16074,66.62808,0.000944,7.027273
d5ccdc4732,14.16074,66.62808,0.000944,7.027273
99dca527d3,14.16074,66.62808,0.000944,7.027273
6e116b24ba,15.58731,58.56942,0.001002,6.220861
e48ee18ba5,14.16074,66.62808,0.000944,7.027273
3bf30a97df,14.16074,66.62808,0.000944,7.027273
69e5848591,13.8174,77.56451,0.000622,7.039452
e7bf085b75,14.42382,85.63106,0.001003,7.072282
01ad2001cf,14.42382,85.63106,0.001003,7.072282
a222b66a41,14.42382,85.63106,0.001003,7.072282
779dff56cf,14.42382,85.63106,0.001003,7.072282
05e20567af,14.42382,85.63106,0.001003,7.072282
a482d2076d,14.42382,85.63106,0.001003,7.072282
56a3d63974,14.42382,85.63106,0.001003,7.072282
a42fef02bd,12.83341,80.4283,0.000939,7.483181
e2bf3acf8d,15.71861,68.90208,0.001099,7.397851
e87d8d60c1,15.71861,68.90208,0.001099,7.397851
f83989e876,15.84058,83.20083,0.000518,7.03092
adecfe5039,15.71861,68.90208,0.001099,7.397851
c48d7b3b10,15.96091,82.34104,0.000543,7.164154
9cc6a2f886,15.1035,92.10517,0.000397,5.343178
d15ebd03a8,15.31395,73.04643,0.000744,7.076027
4b82c328d5,14.51159,76.86512,0.000489,6.092952
ef161d71dc,12.15885,86.1666,0.000585,6.98185
43ea5d8f8f,13.8174,77.56451,0.000622,7.039452
4a37535db7,13.8174,77.56451,0.000622,7.039452
5b5e8edd21,13.8174,77.56451,0.000622,7.039452
ab8d8df869,13.8174,77.56451,0.000622,7.039452
88ea7ab331,13.8174,77.56451,0.000622,7.039452
d71aa3efae,13.8174,77.56451,0.000622,7.039452
5b60ff4050,14.42382,85.63106,0.001003,7.072282
db2018989e,14.42382,85.63106,0.001003,7.072282
e8e4cd5795,14.77338,81.39609,0.000616,7.30334
7839c295e7,16.17541,87.53065,0.000207,5.656149
0a94ae3790,15.96091,82.34104,0.000543,7.164154
cfa07b3122,15.1035,92.10517,0.000397,5.343178
a7be8c991f,15.1035,92.10517,0.000397,5.343178
8c64d107d7,15.1035,92.10517,0.000397,5.343178
552a2d9098,15.1035,92.10517,0.000397,5.343178
f5aa556b29,15.96091,82.34104,0.000543,7.164154
4a2e80d861,13.8174,77.56451,0.000622,7.039452
152a228cf0,16.80654,82.05251,0.000229,4.769757
90a095ec27,16.38505,83.36003,0.000073,6.122903
687d977eab,16.96398,89.94386,0.000342,4.60621
26153637da,17.9919,90.99289,0.000285,4.463984
021a8b192f,17.9919,90.99289,0.000285,4.463984
f549cecfea,17.9919,90.99289,0.000285,4.463984
5da28a8a99,17.61839,93.87666,0.000226,4.329853
c5eae2a14f,17.9919,90.99289,0.000285,4.463984
777352061a,16.17546,87.53079,0.000308,3.71816
7b036e18f3,15.1035,92.10517,0.000397,5.343178
ca6805db55,17.50797,91.93649,0.000307,3.557463
399d37e9ad,17.31963,83.57277,0.000304,4.375638
2aa4a17109,16.17546,87.53079,0.000308,3.71816
62f3dcf5ce,17.78925,94.70717,0.000384,4.189078
6b38c2cb30,17.80313,100.1489,0.000822,3.667411
06fa0ace72,16.38323,95.69341,0.000664,4.785394
7441905d47,17.50797,91.93649,0.000307,3.557463
8266dc6204,15.16635,96.32554,0.001604,6.716511
0c3fab82ff,15.16635,96.32554,0.001604,6.716511
4b4ca11a10,17.80313,100.1489,0.000822,3.667411
5c382b005f,15.16635,96.32554,0.001604,6.716511
7523c82517,15.16635,96.32554,0.001604,6.716511
9b532de778,15.03013,106.6288,0.001657,6.288725
f166b72b5e,17.58357,107.9865,0.000985,3.485852
8c183a45d4,17.58357,107.9865,0.000985,3.485852
c782d99486,17.58357,107.9865,0.000985,3.485852
eec9c39afa,17.58357,107.9865,0.000985,3.485852
0a535804e1,17.69376,91.26728,0.000799,3.787617
c0dc92009d,16.50393,83.43166,0.001256,3.836901
230106b9e7,17.58357,107.9865,0.000985,3.485852
c1f2863841,17.41402,95.53065,0.001629,3.00965
1f808fd63f,17.41402,95.53065,0.001629,3.00965
a2900539fe,14.98729,97.33176,0.002517,2.594055
b41aad28f5,16.50393,83.43166,0.001256,3.836901
991e011801,15.40367,73.70908,0.000715,4.944613
ef9fb09664,15.40367,73.70908,0.000715,4.944613
0749bbe2be,16.50393,83.43166,0.001256,3.836901
1d41935d73,18.54153,74.56419,0.001231,6.920649
29e4063486,18.54153,74.56419,0.001231,6.920649
6fe8b83936,15.1035,92.10517,0.000397,5.343178
476bab2ded,15.1035,92.10517,0.000397,5.343178
84fe1c0b56,14.77338,81.39609,0.000616,7.30334
5eece73ae9,14.77338,81.39609,0.000616,7.30334
d4c2eb4eeb,12.0268,90.62184,0.000472,7.759456
54a68afb02,16.8041,100.1674,0.000839,6.733995
79a56120e6,15.49314,81.82684,0.000564,6.683755
26643b0c52,17.80766,95.02694,0.000546,7.234316
fbacc43c1f,17.80766,95.02694,0.000546,7.234316
3c9a2bb4e6,17.80766,95.02694,0.000546,7.234316
42832f29a7,17.80766,95.02694,0.000546,7.234316
35d05a5fc0,17.80766,95.02694,0.000546,7.234316
69fa5fe8a8,17.5821,96.9049,0.000457,7.129319
667c08160d,17.5821,96.9049,0.000457,7.129319
d66b6ed5a7,17.90931,97.63224,0.000069,7.072635
3521a6e17c,17.90931,97.63224,0.000069,7.072635
17df3fc26a,17.42271,98.08881,0.000186,7.277761
9e5ab98769,17.57885,95.75049,0.000042,6.833285
c5c6889eb8,17.42271,98.08881,0.000186,7.277761
865b91dcd3,16.8041,100.1674,0.000839,6.733995
bdfd970db1,15.88887,105.3071,0.00086,6.913054
08680a5b59,15.88887,105.3071,0.00086,6.913054
96745647a4,15.88887,105.3071,0.00086,6.913054
885a6f8cc2,14.89708,115.0169,0.000829,5.582476
41b1fedcf4,14.89708,115.0169,0.000829,5.582476
5d39c488d4,14.33468,99.75718,0.001061,3.958081
16cf252b47,17.17747,98.00722,0.000634,4.501062
8eb1d982c2,17.17747,98.00722,0.000634,4.501062
44959fd2c4,18.19044,95.85365,0.000112,6.03079
17de1f8ea7,18.19044,95.85365,0.000112,6.03079
680e5f15d0,19.01517,98.0278,0.000173,4.19236
c45c115eba,19.01517,98.0278,0.000173,4.19236
88476015bb,18.19044,95.85365,0.000112,6.03079
dd83b74414,11.15028,119.8148,0.003027,3.095694
39d25c444a,13.75326,111.4889,0.003682,3.900512
4ecda8be2d,12.47168,107.4819,0.003715,6.558862
854bde7c42,18.19202,98.4128,0.001422,6.256618
839cca07b0,13.75326,111.4889,0.003682,3.900512
45808e7b60,19.19981,100.7197,0.00134,3.815108
5910192908,19.19981,100.7197,0.00134,3.815108
bb5b9ae190,19.19981,100.7197,0.00134,3.815108
70b65714b4,18.19202,98.4128,0.001422,6.256618
d8d63b5db7,17.76063,94.51315,0.000176,6.757824
29509b6be4,17.76063,94.51315,0.000176,6.757824
50d1591b0f,17.17747,98.00722,0.000634,4.501062
131d56d4aa,17.90931,97.63224,0.000069,7.072635
4163f163ef,17.24129,96.99451,0.000602,6.727215
0242dfb62a,18.253,98.06314,0.000245,6.899426
bf304d80b9,17.24129,96.99451,0.000602,6.727215
cc8e589d28,18.253,98.06314,0.000245,6.899426
72786bdd39,15.88887,105.3071,0.000746,6.132442
296dd201bf,17.24129,96.99451,0.000602,6.727215
c8892e71e3,16.24399,92.22893,0.000985,7.507261
662caba20f,13.8174,77.56451,0.000622,7.039452
2fc528709d,12.83341,80.4283,0.000939,7.483181
990320f60c,13.8174,77.56451,0.000622,7.039452
67e982e5d5,15.51864,69.04438,0.000694,6.780762
b0a416cd53,15.51864,69.04438,0.000694,6.780762
08c83076e4,15.51864,69.04438,0.000694,6.780762
798fa5a77e,15.51864,69.04438,0.000694,6.780762
59c1d883d1,15.51864,69.04438,0.000694,6.780762
c36ead8ee1,15.51864,69.04438,0.000694,6.780762
6cb7edc8f7,15.51864,69.04438,0.000694,6.780762
fdfb370dba,15.51864,69.04438,0.000694,6.780762
d2c1f98a84,15.51864,69.04438,0.000694,6.780762
7b32f8e56a,15.51864,69.04438,0.000694,6.780762
d26c8e7abd,18.54153,74.56419,0.001231,6.920649
1808cbfcb2,15.51864,69.04438,0.000694,6.780762
9ded0c3de9,18.77827,94.0649,0.000599,3.401433
de5c7302e6,15.51864,69.04438,0.000694,6.780762
f6c0fcfd9d,15.51864,69.04438,0.000694,6.780762
86fac5658d,15.51864,69.04438,0.000694,6.780762
e94b547de4,15.51864,69.04438,0.000694,6.780762
c1f9115bee,15.72371,68.33009,0.000143,6.658103
b880e7305f,15.72371,68.33009,0.000143,6.658103
798495efa6,15.51864,69.04438,0.000694,6.780762
6d22e6cb52,15.51864,69.04438,0.000694,6.780762
5ad3bcba27,15.51864,69.04438,0.000694,6.780762
ba62a5153d,15.72371,68.33009,0.000143,6.658103
835b6f3441,15.51864,69.04438,0.000694,6.780762
d7cc54c7bb,15.51864,69.04438,0.000694,6.780762
0ba4bba113,15.72371,68.33009,0.000143,6.658103
dbd8c0aab7,17.54629,94.37234,0.000442,4.337646
5695daecea,17.60532,94.3173,0.000595,4.009352
8071a1d4fd,17.54629,94.37234,0.000442,4.337646
7a7924140a,17.54629,94.37234,0.000442,4.337646
21148aba3d,15.1035,92.10517,0.000397,5.343178
e172abc127,16.8041,100.1674,0.000839,6.733995
a8c10e72a5,16.24399,92.22893,0.000985,7.507261
6e954bbb73,13.8174,77.56451,0.000622,7.039452
83e1b732db,14.42382,85.63106,0.001003,7.072282
912b8b7cb6,14.42382,85.63106,0.001003,7.072282
fb45db7e29,14.42382,85.63106,0.001003,7.072282
9875c7d98b,14.42382,85.63106,0.001003,7.072282
415ea57aab,16.38323,95.69341,0.000664,4.785394
58f0db4af3,14.51159,76.86512,0.000489,6.092952
47536b3aa5,9.468805,87.09444,0.013253,9.217199
e182e8043b,9.468805,87.09444,0.013253,9.217199
52325a0618,16.8041,100.1674,0.000839,6.733995
978d6c79d7,17.24129,96.99451,0.000602,6.727215
7c36f5a791,4.295601,105.8645,0.000518,6.047959
d1d0a9ac2c,4.295601,105.8645,0.000518,6.047959
5aa975533d,4.295601,105.8645,0.000518,6.047959
351bfa1242,7.861183,98.01604,0.001504,5.414772
d5b94b482c,4.295601,105.8645,0.000518,6.047959
98f958869e,8.294528,110.1742,0.001207,6.028421
5c47f59da8,7.861183,98.01604,0.001504,5.414772
320ebf00af,8.617558,105.0293,0.00252,4.618865
5a0aead8be,7.861183,98.01604,0.001504,5.414772
1782b89ed0,7.861183,98.01604,0.001504,5.414772
e21f50bf87,10.13856,99.95184,0.000977,5.478238
c4ee3cefc1,10.05292,120.6843,0.000722,5.453421
4dd5e4f781,11.64407,91.29388,0.000592,3.929028
ecb07340e7,10.80492,84.56312,0.000383,3.36067
f879010878,10.80492,84.56312,0.000383,3.36067
371eb25ed7,10.13856,99.95184,0.000977,5.478238
d02fd71fa1,10.88345,99.21674,0.000879,3.238748
7a4b832588,15.94421,87.94494,0.004409,2.382206
b9ff4d2bf8,15.94421,87.94494,0.004409,2.382206
bb5ec5efd3,15.53158,102.4205,0.002824,4.369651
7f642de7da,15.53158,102.4205,0.002824,4.369651
620f6af8d8,18.77579,105.1478,0.001467,4.456433
06f7e0a51c,18.77579,105.1478,0.001467,4.456433
e3c2519835,18.77579,105.1478,0.001467,4.456433
f663959cb7,18.77579,105.1478,0.001467,4.456433
55bb0fb27b,21.79392,98.38781,0.003088,1.477594
c22801fcec,24.5146,82.05438,0.003753,2.334978
2d5f699d64,20.31644,88.84269,0.002926,2.289777
2f102a8d31,14.81597,96.59274,0.002422,5.492603
a09db6e6b3,14.81597,96.59274,0.002422,5.492603
354be63012,6.404082,111.1795,0.000818,6.175383
4a452ed0ae,11.0333,84.25428,0.003728,4.350496
fb0220e9a1,9.590039,107.2739,0.000331,6.900045
b898c95ddb,8.634792,99.68903,0.000839,8.104956
292b990e6f,8.634792,99.68903,0.000839,8.104956
f98dfa3ad2,8.634792,99.68903,0.000839,8.104956
2f50b40c86,8.368355,107.857,0.00035,7.181071
8e88e54d77,10.72309,87.07149,0.001112,7.832153
c608ad68b7,8.368355,107.857,0.00035,7.181071
eea926c9d1,16.4986,71.83189,0.002239,4.366096
d363bd31f6,7.185012,90.0049,0.000941,9.230013
8ef1881235,9.590039,107.2739,0.000331,6.900045
a31fde0440,9.061511,88.01866,0.001901,2.190924
66140fd143,8.308553,91.63762,0.000854,3.689913
a32709b3fd,8.222465,111.8054,0.000713,2.918908
621952f800,9.061511,88.01866,0.001901,2.190924
67ab9f00e8,8.814104,91.9389,0.0004,4.714654
c8b3a30dab,11.2753,116.4873,0.003163,7.420683
ed8d712012,11.2753,116.4873,0.003163,7.420683
8e3250737c,11.2753,116.4873,0.003163,7.420683
6d7e012b81,9.459823,120.3008,0.000002,5.641212
5b06cdb549,9.47273,119.8418,0.000001,5.660301
f330aa1cd2,9.459823,120.3008,0.000002,5.641212
93eccf4902,9.459823,120.3008,0.000002,5.641212
7ad3946f08,9.459823,120.3008,0.000002,5.641212
11e10d7a32,9.459823,120.3008,0.000002,5.641212
22d480833b,9.459823,120.3008,0.000002,5.641212
8e4587da6b,9.459823,120.3008,0.000002,5.641212
23a85d22d2,9.459823,120.3008,0.000002,5.641212
7ee4323045,9.444642,121.003,0.000002,5.608065
e76916e463,9.429784,121.5818,0.000001,5.450867
a425a4a4b5,9.429784,121.5818,0.000001,5.450867
0563e368f8,9.429784,121.5818,0.000001,5.450867
36edf4f3a6,9.429784,121.5818,0.000001,5.450867
4fbd729ddd,9.443013,121.0566,0.000002,5.541179
618aab76f5,9.429784,121.5818,0.000001,5.450867
c73e51972a,9.443013,121.0566,0.000002,5.541179
6b03dd3944,9.443013,121.0566,0.000002,5.541179
9559612c26,9.443013,121.0566,0.000002,5.541179
9733830170,9.429784,121.5818,0.000001,5.450867
73d2aa042b,9.429241,121.604,0.000001,5.375279
ddca8da67d,8.39251,90.07601,0.001037,5.630437
5094adcc3e,14.40124,115.3222,0.002589,3.462557
2b8b1d121f,14.0312,114.4114,0.001134,2.659615
74bb29c660,14.0312,114.4114,0.001134,2.659615
94731c3829,17.58553,103.3655,0.000933,2.298914
fb5a61b57e,10.85358,96.46112,0.001918,3.376954
0bdc2c8c15,10.85358,96.46112,0.001918,3.376954
6f07c8000f,14.12929,100.6955,0.001162,3.091071
99f99d51c0,14.12929,100.6955,0.001162,3.091071
9ffe71aae4,14.12929,100.6955,0.001162,3.091071
b75d12e937,14.12929,100.6955,0.001162,3.091071
d357d66d07,10.85358,96.46112,0.001918,3.376954
1bc2eb3319,14.12929,100.6955,0.001162,3.091071
9d93d50a5e,10.85358,96.46112,0.001918,3.376954
51c642c88b,10.85358,96.46112,0.001918,3.376954
f6c1f6b564,15.15995,96.46958,0.001193,3.328462
8c161cd0f3,15.88401,89.50053,0.001963,4.313793
c272a3162f,15.88401,89.50053,0.001963,4.313793
3fc9392a6e,15.15995,96.46958,0.001193,3.328462
1e09ecdfef,15.88401,89.50053,0.001963,4.313793
7c95b85f8e,16.88396,91.93349,0.00244,4.349068
809796bebf,11.40275,111.1269,0.001956,4.006941
cb260d6efb,16.14086,105.6029,0.002467,3.983566
e7791703fd,16.14086,105.6029,0.002467,3.983566
812f4892de,16.14086,105.6029,0.002467,3.983566
8ca40a36b0,16.14086,105.6029,0.002467,3.983566
0a825b368c,16.14086,105.6029,0.002467,3.983566
e257458b83,13.99171,102.8051,0.005324,5.029739
607724c9cb,13.99171,102.8051,0.005324,5.029739
b406d6cade,11.40275,111.1269,0.001956,4.006941
35df6c3639,11.40275,111.1269,0.001956,4.006941
c84c90806b,11.0715,95.42119,0.001656,3.184024
b75fc879dd,11.40275,111.1269,0.001956,4.006941
b0b5623a43,11.40275,111.1269,0.001956,4.006941
31e872d4e6,11.40275,111.1269,0.001956,4.006941
598cf0fe5d,12.11053,116.0815,0.002935,1.014424
efefa72067,16.09611,127.7884,0.002777,4.15067
540f5af529,12.11053,116.0815,0.002935,1.014424
21f8b847e6,16.09611,127.7884,0.002777,4.15067
7a44b924c2,16.09611,127.7884,0.002777,4.15067
2e708656b7,16.09611,127.7884,0.002777,4.15067
2e5e587a25,16.88396,91.93349,0.00244,4.349068
c7049cda88,13.99171,102.8051,0.005324,5.029739
22fa0e50e9,19.73011,121.254,0.002383,1.909426
08f10abef7,19.73011,121.254,0.002383,1.909426
3fad60c258,18.69859,106.7211,0.002656,1.477014
ed26a493c0,18.69859,106.7211,0.002656,1.477014
5dcb181372,16.97062,93.79683,0.001307,3.586616
adc9171a7f,16.97062,93.79683,0.001307,3.586616
8584b356fb,11.0715,95.42119,0.001656,3.184024
7923d94313,16.97062,93.79683,0.001307,3.586616
b46680308b,15.36718,100.9375,0.00076,4.44901
0eaa752024,13.99171,102.8051,0.005324,5.029739
4e2be31c42,13.01331,95.88345,0.005989,5.764794
89275ba037,19.73011,121.254,0.002383,1.909426
f9242fee75,19.73011,121.254,0.002383,1.909426
1d4ac28d7c,19.73011,121.254,0.002383,1.909426
b364d3e7e0,19.73011,121.254,0.002383,1.909426
597aafe37e,13.01331,95.88345,0.005989,5.764794
972c012e38,11.40636,83.38266,0.004307,4.705025
883b545871,10.54038,60.02847,0.003175,3.225111
5979ff8af0,10.54038,60.02847,0.003175,3.225111
7ac52575ef,17.33747,121.7985,0.002684,3.131765
2fc685a795,17.33747,121.7985,0.002684,3.131765
e612b35922,17.33747,121.7985,0.002684,3.131765
5c99133b18,17.33747,121.7985,0.002684,3.131765
c2a00f4fc9,17.33747,121.7985,0.002684,3.131765
00cb785f98,17.33747,121.7985,0.002684,3.131765
dc4d718cac,17.33747,121.7985,0.002684,3.131765
9acd9c59b9,17.33747,121.7985,0.002684,3.131765
ffd16699aa,17.33747,121.7985,0.002684,3.131765
67bc12ff9e,17.33747,121.7985,0.002684,3.131765
af60b0ccb2,17.33747,121.7985,0.002684,3.131765
869a9afcc3,15.74387,111.0562,0.002309,3.011052
ff72f11910,17.33747,121.7985,0.002684,3.131765
bd79fc829e,18.69859,106.7211,0.002656,1.477014
4dde35ab40,14.19462,97.23685,0.000936,3.737522
a8d0de4f20,13.01331,95.88345,0.005989,5.764794
057cbd2b64,8.356922,88.02378,0.003607,4.354607
b5508703ff,7.734052,77.7016,0.003585,2.776288
58d9700d91,10.14063,96.47603,0.003475,3.755138
3eb77d3b7c,18.74265,84.0376,0.004457,1.542527
dc7d2b187f,20.86351,89.89362,0.002754,2.092594
4f33244f1c,20.86351,89.89362,0.002754,2.092594
0b19e2d5ed,14.44047,107.5863,0.003305,5.23002
e83bd4683f,10.14063,96.47603,0.003475,3.755138
b5df11208d,13.08244,122.5542,0.002257,4.567667
20481c95c1,10.04891,128.5799,0.00248,4.231991
1a758ea2ff,17.72608,88.63161,0.003156,2.820299
8ed12cec53,13.08244,122.5542,0.002257,4.567667
fa28094a6a,10.04891,128.5799,0.00248,4.231991
7a799583cb,10.04891,128.5799,0.00248,4.231991
f5a14f44ad,14.68927,92.18814,0.001154,4.585824
106e7b3797,12.76178,110.0448,0.001405,3.940643
59ce6820af,12.76178,110.0448,0.001405,3.940643
baa77be9c8,12.76178,110.0448,0.001405,3.940643
060ecade10,9.631453,100.6204,0.002686,3.697488
73af087e6e,9.631453,100.6204,0.002686,3.697488
ff8c2f27fb,10.23445,88.8594,0.002291,4.824765
0434eaf7f8,10.23445,88.8594,0.002291,4.824765
ad9b11839f,10.23445,88.8594,0.002291,4.824765
6bd7814806,10.23445,88.8594,0.002291,4.824765
5ef3459060,10.00993,109.6477,0.0033,5.494054
4859760f44,10.00993,109.6477,0.0033,5.494054
8e656131a2,14.68927,92.18814,0.001154,4.585824
e1732b0b12,11.03573,103.5313,0.001519,4.826265
cef0518ff2,11.03573,103.5313,0.001519,4.826265
1e3170b6d0,15.64311,98.11431,0.001945,3.493751
3ca95908ff,15.64311,98.11431,0.001945,3.493751
00407420c2,15.64311,98.11431,0.001945,3.493751
9eb973eac8,15.64311,98.11431,0.001945,3.493751
87056f013a,15.64311,98.11431,0.001945,3.493751
af8cb85b0b,15.39004,112.7436,0.001611,4.797389
79f2b79707,14.68927,92.18814,0.001154,4.585824
ca98494413,12.34019,103.1385,0.000535,4.276953
69db1a5da2,5.401598,99.22288,0.001423,4.884926
6b43246922,5.401598,99.22288,0.001423,4.884926
f1169b2848,5.401598,99.22288,0.001423,4.884926
ca8ba8f188,5.401598,99.22288,0.001423,4.884926
ca720446e0,5.811562,90.3224,0.000952,5.64837
36f17d559b,5.811562,90.3224,0.000952,5.64837
f2f85a5783,5.439778,92.58068,0.000465,5.400007
9475695bce,5.811562,90.3224,0.000952,5.64837
7b4ee81fce,7.25931,124.3891,0.001871,5.959907
7fa236e9dc,5.811562,90.3224,0.000952,5.64837
780440b797,7.315515,113.1863,0.001422,6.134757
c0104885f0,14.68927,92.18814,0.001154,4.585824
f90d39eeb6,15.64311,98.11431,0.001945,3.493751
39bc708a64,15.64311,98.11431,0.001945,3.493751
53137c545b,15.64311,98.11431,0.001945,3.493751
fbaf74a887,13.11001,110.5012,0.000651,4.354842
c74d5c9f25,11.42318,95.37439,0.000901,6.749943
47de90f6fc,11.42318,95.37439,0.000901,6.749943
309739eaf9,11.42318,95.37439,0.000901,6.749943
c80be43b31,11.42318,95.37439,0.000901,6.749943
e4bc9892bf,13.4329,99.11859,0.001061,7.890781
1b36286019,15.80745,86.91904,0.001127,7.753822
250a7e1077,15.80745,86.91904,0.001127,7.753822
16bf93efa2,10.44094,110.3311,0.000966,5.274646
f1ecfac2e5,10.05141,103.3442,0.001428,5.467021
f71c1276e6,13.31988,86.88192,0.000871,7.037067
39b17a886b,13.31988,86.88192,0.000871,7.037067
d1b210500d,15.80745,86.91904,0.001127,7.753822
019eab60be,18.06524,104.2142,0.005635,6.557722
a4a0e1e64d,13.4329,99.11859,0.001061,7.890781
882169342f,11.68324,103.7163,0.000365,6.466572
89811e60ed,12.4972,104.5604,0.000338,7.484307
a6a26ac068,13.28335,106.7921,0.000586,7.808782
269de8a512,17.15473,101.3353,0.001845,6.36948
faa1d12e2b,17.15473,101.3353,0.001845,6.36948
cdea22734f,19.13061,122.4269,0.005796,4.527097
6440e324db,19.13061,122.4269,0.005796,4.527097
9371c6602b,17.02083,147.8091,0.003178,6.960205
232585f829,14.98925,165.759,0.004595,6.962299
6493658b7e,18.17944,124.0464,0.002198,2.636713
c38a0d7285,17.9185,90.30317,0.003063,6.885436
622718e2a0,12.86333,113.6282,0.000255,4.452299
25acd96fcd,13.59074,111.2791,0.000321,4.553594
ee35932838,13.59741,107.6087,0.000813,7.966204
ae786f9285,13.09862,107.8611,0.000432,8.07995
939f5c3cb5,14.41509,116.9916,0.000621,6.912237
af48efb441,14.41509,116.9916,0.000621,6.912237
f7b5acedb9,14.41509,116.9916,0.000621,6.912237
37a76c9e46,14.41509,116.9916,0.000621,6.912237
d9ee325fef,14.41509,116.9916,0.000621,6.912237
d45f2b3aad,14.41509,116.9916,0.000621,6.912237
21f9d395b4,16.01579,118.5774,0.000785,3.812915
f93ebaadbb,16.01579,118.5774,0.000785,3.812915
9630743841,14.41509,116.9916,0.000621,6.912237
546258d18e,16.23787,118.305,0.001107,3.599862
84a6d9e756,13.28335,106.7921,0.000586,7.808782
cfc5b4f144,11.76596,80.7059,0.004902,7.472148
f4979f3738,14.6058,108.456,0.001078,6.234683
3d586add7d,16.01579,118.5774,0.000785,3.812915
0ef5714709,16.01579,118.5774,0.000785,3.812915
a6652e4cb5,14.68586,106.6776,0.001807,2.314059
2531cf7fc9,17.60052,119.8623,0.002173,3.389021
706690a7a0,10.44046,126.457,0.003228,8.678929
f061e4327e,14.68586,106.6776,0.001807,2.314059
fbc74a67e0,18.22418,105.1521,0.002745,2.941976
74d2e779c4,10.24041,122.4442,0.002026,2.969299
88d8b2f148,11.58841,138.4931,0.002986,5.862677
b184f4eebf,11.58841,138.4931,0.002986,5.862677
d0a5a8f301,10.44046,126.457,0.003228,8.678929
0a4fb86c91,12.55064,144.8199,0.004237,2.408553
7b908d6824,12.55064,144.8199,0.004237,2.408553
bd1658bac2,12.55064,144.8199,0.004237,2.408553
f351b4e887,18.22418,105.1521,0.002745,2.941976
66e44a38a7,14.05454,136.1914,0.00503,3.877601
9b4d601581,15.17684,156.5208,0.00239,5.972324
8ae87c08c5,10.44046,126.457,0.003228,8.678929
1e86774081,16.01579,118.5774,0.000785,3.812915
a1ee2549f0,11.05056,95.52801,0.001204,5.346449
56c54d5df3,7.676145,108.2325,0.003968,7.245941
a8893d566e,12.69902,86.98804,0.000825,5.153528
d81ebc65fb,11.05056,95.52801,0.001204,5.346449
6f751a3447,7.676145,108.2325,0.003968,7.245941
98171ca620,12.84276,86.3575,0.004146,6.344513
b61e98d04e,12.69902,86.98804,0.000825,5.153528
f95808cee8,7.676145,108.2325,0.003968,7.245941
ed9500a372,11.44366,153.3,0.00449,8.580756
c2a6c610e4,16.28563,125.8261,0.006036,7.545677
44a0aa6006,13.0333,89.72675,0.000512,4.808895
30535b022f,13.0333,89.72675,0.000512,4.808895
6e1391364d,13.0333,89.72675,0.000512,4.808895
c2346f03aa,12.48627,108.0221,0.000454,4.715131
fd61c2f78b,14.43007,105.4835,0.000412,4.872782
188c4c8a8d,11.80253,107.4623,0.000378,4.674109
dd0273c254,11.80253,107.4623,0.000378,4.674109
d470164cd1,9.685891,104.784,0.000861,2.596984
fb6eefb5eb,9.685891,104.784,0.000861,2.596984
4cb882ca11,9.685891,104.784,0.000861,2.596984
dd1729959c,14.98775,103.684,0.000999,2.781052
101835a7b4,14.98775,103.684,0.000999,2.781052
423d90006b,12.69902,86.98804,0.000825,5.153528
b44326cdd1,12.69902,86.98804,0.000825,5.153528
cbdf62df8a,12.84276,86.3575,0.004146,6.344513
e044697cdc,12.84276,86.3575,0.004146,6.344513
dd2b86e73e,12.84276,86.3575,0.004146,6.344513
99fb651b44,13.0333,89.72675,0.000512,4.808895
2ce6344685,13.0333,89.72675,0.000512,4.808895
8db55591cd,13.48435,86.21617,0.002359,5.996136
d51d58fd66,13.0333,89.72675,0.000512,4.808895
ec6baa8d06,13.48435,86.21617,0.002359,5.996136
4976ccccaa,13.48435,86.21617,0.002359,5.996136
4373ea82bb,14.76524,105.3067,0.000345,4.624136
09354f42eb,16.77649,100.5583,0.000414,2.41136
73f7363e8e,16.77649,100.5583,0.000414,2.41136
204b60c6ec,16.77649,100.5583,0.000414,2.41136
eeb6d0c9ff,15.12881,100.2102,0.000679,3.301824
778c8c53a2,15.79042,94.90636,0.000482,2.192336
896abc0820,15.79042,94.90636,0.000482,2.192336
a24d7fdf70,14.43007,105.4835,0.000412,4.872782
dc07a962ee,15.79042,94.90636,0.000482,2.192336
0a9fd77c37,11.44366,153.3,0.00449,8.580756
5318bdb85f,16.28563,125.8261,0.006036,7.545677
07eb200bc0,16.28563,125.8261,0.006036,7.545677
4a3e22ef36,16.28563,125.8261,0.006036,7.545677
2807e39992,16.28563,125.8261,0.006036,7.545677
5685ab9ed0,16.28563,125.8261,0.006036,7.545677
86d33e3220,16.28563,125.8261,0.006036,7.545677
8bffc2d16d,18.22992,139.872,0.001928,8.20075
bc18f10fe1,18.22992,139.872,0.001928,8.20075
fd33ac5fec,15.01539,122.371,0.004896,7.015448
890db88d6f,11.80633,112.1296,0.003647,7.155372
4d7411c216,13.48435,86.21617,0.002359,5.996136
fba36b252b,13.48435,86.21617,0.002359,5.996136
4ebda49123,14.06974,85.70945,0.001379,5.500242
9175ca167b,14.06974,85.70945,0.001379,5.500242
c8584b2dc9,11.80633,112.1296,0.003647,7.155372
cd55b263be,11.80633,112.1296,0.003647,7.155372
218b5a4a6a,15.01539,122.371,0.004896,7.015448
f9d8d1f642,14.06974,85.70945,0.001379,5.500242
91a21610dc,14.06974,85.70945,0.001379,5.500242
ad0230960f,13.53064,91.42965,0.002779,6.302958
098b7e8606,13.63439,90.72678,0.000437,5.290032
c3e5865715,13.89443,104.7778,0.000538,5.150978
829ceca8f3,14.43007,105.4835,0.000412,4.872782
f735cb17a0,12.48627,108.0221,0.000454,4.715131
ccd9873823,14.50635,98.34315,0.00051,4.170454
142d26ebd0,13.89443,104.7778,0.000538,5.150978
6d4ad2ab25,15.37565,97.69007,0.001806,4.714667
4873ea13a9,14.56549,93.39154,0.001207,5.662706
e1154d7c2b,13.63439,90.72678,0.000437,5.290032
a222c223c0,14.56549,93.39154,0.001207,5.662706
9feea6303b,14.56549,93.39154,0.001207,5.662706
85dce392a2,14.56549,93.39154,0.001207,5.662706
4ee6e156d6,15.8382,91.30541,0.001409,6.317441
acffb764ae,15.8382,91.30541,0.001409,6.317441
1e434186f8,13.71421,129.2795,0.001885,6.578639
037c8aa1db,12.11053,116.0815,0.002935,1.014424
72986f3b10,12.11053,116.0815,0.002935,1.014424
8cdf220b8d,12.11053,116.0815,0.002935,1.014424
5bd6641ab5,12.84276,86.3575,0.004146,6.344513
3c9085f80d,12.84276,86.3575,0.004146,6.344513
32c581e035,18.17944,124.0464,0.002198,2.636713
c030625f3b,12.69902,86.98804,0.000825,5.153528
b0fb362d12,9.685891,104.784,0.000861,2.596984
23b786c803,5.401598,99.22288,0.001423,4.884926
33b4212e37,13.89443,104.7778,0.000538,5.150978
9fd1a04983,10.85358,96.46112,0.001918,3.376954
b4e8c6d356,11.53117,99.76673,0.003304,6.979102
84157b509e,11.53117,99.76673,0.003304,6.979102
1a0ce70d05,16.09611,127.7884,0.002777,4.15067
85ec35a4e0,16.09611,127.7884,0.002777,4.15067
7e51033892,13.99171,102.8051,0.005324,5.029739
2f1c73f651,12.11053,116.0815,0.002935,1.014424
5d90642c34,9.631453,100.6204,0.002686,3.697488
dfbe77d3eb,9.631453,100.6204,0.002686,3.697488
3c1193d0d6,5.401598,99.22288,0.001423,4.884926
c2e9e0ec04,5.439778,92.58068,0.000465,5.400007
a1f5812581,9.631453,100.6204,0.002686,3.697488
569dc33f50,5.811562,90.3224,0.000952,5.64837
f744504c8e,7.315515,113.1863,0.001422,6.134757
d1029002be,10.00993,109.6477,0.0033,5.494054
8fa3d512ca,10.00993,109.6477,0.0033,5.494054
dca7beb30e,15.60942,97.5752,0.001095,6.900999
f56d75fb5c,13.09862,107.8611,0.000432,8.07995
371346e7b6,16.01579,118.5774,0.001722,7.772212
945ebed503,14.50859,125.5876,0.0031,4.244496
78c585f8f8,15.2905,124.5189,0.003992,3.803802
7c21b26a92,17.60052,119.8623,0.002173,3.389021
01e4519046,15.6842,112.9599,0.003005,3.861795
b64ef02237,13.71421,129.2795,0.001885,6.578639
94cf44efab,15.17684,156.5208,0.00239,5.972324
cb173d8d36,15.17684,156.5208,0.00239,5.972324
f75f88c4e7,15.17684,156.5208,0.00239,5.972324
d1be9743a8,15.01539,122.371,0.004896,7.015448
bc05e224e4,15.01539,122.371,0.004896,7.015448
c03a04b527,10.86883,135.4746,0.001732,7.997529
34b718c4fd,11.80633,112.1296,0.003647,7.155372
b4757085ff,13.99171,102.8051,0.005324,5.029739
81ff1a730f,12.11053,116.0815,0.002935,1.014424
6745706f79,19.73011,121.254,0.002383,1.909426
7eaee919f2,10.01764,96.71332,0.009787,8.664251
1a24e53274,18.06524,104.2142,0.005635,6.557722
5825a0ed0b,17.15473,101.3353,0.001845,6.36948
4eb6de9150,15.15995,96.46958,0.001193,3.328462
409f12e4a7,15.15995,96.46958,0.001193,3.328462
5e53698331,12.11053,116.0815,0.002935,1.014424
7631587ac7,13.99171,102.8051,0.005324,5.029739
bb7cfde8e4,19.73011,121.254,0.002383,1.909426
20b0304a37,10.01764,96.71332,0.009787,8.664251
c93f1fa51a,17.9185,90.30317,0.003063,6.885436
ac7c420dcb,17.15473,101.3353,0.001845,6.36948
1ea2bdcc36,11.81096,105.713,0.00272,3.966673
35fc84e507,12.75575,95.94179,0.003381,2.700303
808a76e640,14.53409,120.5599,0.002228,4.216563
4ae3e3f527,16.15465,86.43914,0.004511,3.893728
6fecdb3995,15.08615,96.14425,0.002427,5.40618
9f3e26c496,9.368657,101.6019,0.001414,4.869599
df4cbf4529,13.37875,105.9918,0.001979,4.943543
341fad3293,7.147357,95.2289,0.001359,4.109401
7ad2bc1de8,17.019,107.8498,0.000422,3.80924
b974b716d3,8.872169,103.1209,0.00174,6.277274
dde9075cdb,8.872169,103.1209,0.00174,6.277274
ed8feca9a1,8.872169,103.1209,0.00174,6.277274
b225d7106e,8.872169,103.1209,0.00174,6.277274
8d75d525e5,9.261627,84.03281,0.001568,7.192681
7423013ff3,9.261627,84.03281,0.001568,7.192681
f58d5d0611,10.06607,93.12364,0.001919,6.328668
cd77a2c311,10.06607,93.12364,0.001919,6.328668
77921b1a35,10.06607,93.12364,0.001919,6.328668
172229465b,10.06607,93.12364,0.001919,6.328668
5eb486dd8f,11.59253,90.71652,0.000288,5.435901
c5b76b870d,10.04324,90.66049,0.00067,6.375193
a25ee1abdd,9.977353,102.7899,0.000652,7.105161
9ead08495c,11.07034,97.26075,0.000645,7.10007
fa9391fb9c,10.35658,90.18868,0.000556,6.659254
4b6b74dcb0,10.35658,90.18868,0.000556,6.659254
93aca10910,10.35658,90.18868,0.000556,6.659254
ad406273eb,10.35658,90.18868,0.000556,6.659254
8f51e71f59,10.35658,90.18868,0.000556,6.659254
a337d65046,11.59253,90.71652,0.000288,5.435901
6d7b7fafdb,9.977353,102.7899,0.000652,7.105161
e1828c3a00,6.289993,85.65261,0.000756,6.123386
0c514ea667,5.868869,91.92036,0.000426,7.886379
106efd9b1d,5.868869,91.92036,0.000426,7.886379
15c618a724,9.788389,85.52152,0.000655,6.493828
aefe00fc3e,9.509915,78.09769,0.001151,4.696476
7bb7b62084,9.788389,85.52152,0.000655,6.493828
6ca80d341e,9.509915,78.09769,0.001151,4.696476
530179564a,4.031402,59.78226,0.001771,3.253854
10052806f2,2.273701,112.6412,0.000634,8.343123
5d6a9fc2ac,3.077788,196.4187,0.000685,5.113853
87ef50e32d,7.135415,43.33901,0.00259,3.745222
ec5c879617,10.91547,56.16318,0.001549,5.05482
3f219d3062,10.91547,56.16318,0.001549,5.05482
55a5015526,10.91547,56.16318,0.001549,5.05482
054a6ed3d0,10.91547,56.16318,0.001549,5.05482
9c1878cc2f,9.160518,64.29988,0.001259,5.083338
853f1bfabd,10.91547,56.16318,0.001549,5.05482
687c7a9137,9.160518,64.29988,0.001259,5.083338
a27526aaf9,6.289993,85.65261,0.000756,6.123386
6040cb0381,4.52397,89.00813,0.000922,6.151469
92595fc430,4.52397,89.00813,0.000922,6.151469
651aa4afb5,4.870987,90.83356,0.000315,7.628811
44274c5238,4.870987,90.83356,0.000315,7.628811
3c7b09a19c,4.870987,90.83356,0.000315,7.628811
30daaca470,4.52397,89.00813,0.000922,6.151469
659fa8fb2d,6.690838,95.51737,0.001117,7.675926
4be1ae772e,9.327781,97.80421,0.00162,5.885663
30d7a2e43c,9.327781,97.80421,0.00162,5.885663
777e41550a,10.05988,99.79228,0.001252,6.988298
58a5af1937,10.05988,99.79228,0.001252,6.988298
18a5375ff3,5.490258,79.38158,0.001565,5.749642
68e3c21ffc,5.490258,79.38158,0.001565,5.749642
890cbf3806,11.69084,86.87884,0.00271,5.10283
f7edcb5a34,11.19958,71.76131,0.004471,5.253648
58c04a71b2,15.51224,105.6944,0.001418,4.007049
f1d88e957a,13.09963,101.3724,0.004907,4.779797
79ecb742aa,3.404729,131.1593,0.005777,7.232613
bf63e36e86,11.19958,71.76131,0.004471,5.253648
b4bd491231,6.970945,129.2456,0.004244,5.50613
ee73ff55c7,13.57558,107.6878,0.002355,4.574427
0d46ed4e86,12.95836,101.5973,0.00065,5.226604
1c6ead510f,12.95836,101.5973,0.00065,5.226604
88a6f9dc53,15.04933,99.57977,0.000662,3.459823
9dcbcbf4fc,15.04933,99.57977,0.000662,3.459823
0367d156ab,11.97019,115.2933,0.000926,3.778641
b59d9f0bdb,11.97019,115.2933,0.000926,3.778641
b84bc95cd7,11.09369,105.8012,0.000455,3.958459
9e03fdc3f7,10.3625,102.1169,0.001082,5.534791
64673e32e6,10.03697,96.83223,0.000873,3.137906
3ec8d37eef,11.99343,107.77,0.001267,3.202471
89e8f74f2b,9.261627,84.03281,0.001568,7.192681
1b97b41b65,11.65266,123.9936,0.001736,6.958925
13156863bd,11.65266,123.9936,0.001736,6.958925
0bedb1ba35,10.35658,90.18868,0.000556,6.659254
75ece45e3b,6.289993,85.65261,0.000756,6.123386
76eee0410f,4.52397,89.00813,0.000922,6.151469
3fe0900d5c,11.94201,94.22608,0.001701,3.175419
5b5718adb0,1.154803,5.942465,0.001495,8.986655
2ea0fdb881,13.78714,106.1132,0.003518,4.807575
11a0eb68da,9.848777,96.34064,0.000302,4.213994
45342eae06,11.65266,123.9936,0.001736,6.958925
a9081a1735,9.261627,84.03281,0.001568,7.192681
13ff79268b,9.261627,84.03281,0.001568,7.192681
974af786a0,11.65266,123.9936,0.001736,6.958925
0d976daa50,10.91547,56.16318,0.001549,5.05482
aba0732082,10.91547,56.16318,0.001549,5.05482
eb0eba4b40,10.06607,93.12364,0.001919,6.328668
c34d263c34,10.06607,93.12364,0.001919,6.328668
c37cd7122a,14.86711,205.4144,0.000719,5.516963
5b7101cb16,15.44376,179.4364,0.000308,3.666064
7610562b92,15.44376,179.4364,0.000308,3.666064
2befab8712,15.44376,179.4364,0.000308,3.666064
94c5749af4,16.0754,177.4943,0.000171,3.247324
64f611a911,16.0754,177.4943,0.000171,3.247324
e85c9cdadc,15.26234,183.1473,0.000982,5.202998
966e94f717,14.67469,188.3098,0.001194,5.836439
a35c7192b4,14.67469,188.3098,0.001194,5.836439
fbc54750bb,14.67469,188.3098,0.001194,5.836439
611e9bd2b3,15.92112,183.3479,0.000208,3.437994
03b388c287,16.0754,177.4943,0.000171,3.247324
04233ac002,16.13064,180.8423,0.000108,3.047848
4001291ea9,16.13064,180.8423,0.000108,3.047848
91fb03ce70,15.44376,179.4364,0.000308,3.666064
1459e10c39,65.20353,343.7225,0.00527,1.562293
b3d208ed54,15.8525,203.3032,0.000459,2.144024
4e454c84b7,15.49501,194.6321,0.001202,2.017275
e746efe5aa,17.46605,97.45486,0.001087,7.124556
64931a740a,17.46605,97.45486,0.001087,7.124556
be03c170a6,10.89829,345.1583,0.005052,7.178119
